image_name,caption
89-11.jpg,a statue of politician stands in front of the cityscape
6-3.jpg,an orange tabby cat looking at the camera with a blurred background
30-9.jpg,a woman standing on a tennis court with a tennis ball
88-2.jpg,a man standing in front of a painting of a mountain
32-7.jpg,an overhead view of a shopping mall with a large chandelier
6-6.jpg,a white cat laying on a red blanket
78-10.jpg,a man pulling a tractor in a flooded field
34-8.jpg,a crowd of people taking photos of a dragon dance performance
21-0.jpg,a bunch of cauliflower sitting in the leaves
63-6.jpg,a bag of red fruit hanging from a tree
56-9.jpg,a bowl of soup with meatballs and vegetables on a table
8-4.jpg,a dog with its mouth open and its teeth
40-8.jpg,a wok filled with rice and vegetables on a table
83-7.jpg,an empty classroom with desks and a whiteboard
65-0.jpg,a man is stacking bunches of green bananas
56-13.jpg,a food cart with a red scissors on top
66-3.jpg,a tree filled with leaves and fruit on a cloudy day
78-9.jpg,a green tractor is parked in a field
80-6.jpg,a woman and a child in a field of paddy fields
64-11.jpg,a monkey eating raspberries in a tree
86-7.jpg,a man sitting on the side of a blue bus filled with books
41-3.jpg,a bowl sitting next to a stone wall
95-2.jpg,a group of people posing for a picture with a dragon dance performance
1-3.jpg,three small birds sitting on a table
53-1.jpg,a bowl of soup and rice and a drink on a table
92-1.jpg,a group of men praying on a mosque carpet
80-1.jpg,a shovel in the grass next to a pair of shoes
73-3.jpg,two tall buildings with palm trees in front of a city street
4-1.jpg,an image of a peacock with a blue head and red neck
55-2.jpg,a bunch of skewers of meat on sticks on a table
81-2.jpg,a man plowing a field with two water buffalo
17-7.jpg,a close up of two pink flowers on a branch
92-2.jpg,a mosque with a blue sky in the background
46-6.jpg,a model walks the runway in a blue gown
32-2.jpg,a large crowd of people sitting on the ground in the street
11-11.jpg,a cow with a calf in a pen
28-5.jpg,a hand holding a racket and a ping pong ball
42-1.jpg,a table full of t shirts on display in a store
34-1.jpg,a group of people in dragon costumes walking down a street
43-2.jpg,a man in a yellow shirt and tie sitting at a table
90-1.jpg,a man sitting in front of stacks of plates and drums
22-1.jpg,a large green plant with green leaves in a garden
3-10.jpg,four blue and yellow parrots sitting in a cage
37-2.jpg,a potato on top of a fork
37-0.jpg,a set of silver forks on a table
70-3.jpg,a kitchen with a stove and pots and pans
27-3.jpg,a man jumping in the air to catch a basketball
67-3.jpg,a man holding a bunch of grapes in a tree
4-9.jpg,a large blue and yellow bird with a blue and yellow beak
79-2.jpg,a woman working in a field with a hoe
20-2.jpg,a close up of a head of cabbage in a field
8-1.jpg,a group of sled dogs in a cage
42-0.jpg,a rack of tee shirts hanging on a wall in a store
66-0.jpg,a bunch of durian fruits hanging from a tree
5-7.jpg,a white bird with a yellow crown sitting on a rock
37-11.jpg,a fork and knife on a napkin on a table
38-5.jpg,a blue and white plate with a picture of a cathedral
21-5.jpg,a bunch of caulifloweriflower and green leaves on a table
79-0.jpg,two women walking down the road with their sticks
21-4.jpg,a large head of cauliflower on a plant in a garden
46-2.jpg,four women in pink gowns standing in front of a wedding venue
15-11.jpg,a white flower in a vase next to a window
34-7.jpg,a crowd of people taking pictures of a dragon parade at night
74-3.jpg,a large building with a tree in front of it
67-1.jpg,grapes and oranges on display at a market
27-4.jpg,a group of men playing volleyball on a court
75-5.jpg,a patio with a pavilion and plants in a garden
60-5.jpg,a bag of coffee on the side of a vending machine
33-9.jpg,the statue of author at the temple of author
4-6.jpg,an ostrich standing next to a pool of water
1-4.jpg,a small bird perched on top of a bird feeder
11-7.jpg,a brown cow eating hay from a trough
8-9.jpg,two dogs playing with each other on a street
67-12.jpg,a display of fruit including bananas grapes apples and other fruits
18-0.jpg,a basket filled with green leafy greens
87-6.jpg,a hand is pressing a button on a glass wall
12-2.jpg,a bull with horns standing in a field of grass
87-7.jpg,a close up of a thermometer on a table
63-5.jpg,a pile of nuts and a garlic bulb on a table
19-8.jpg,a bowl of spinach on a table
91-1.jpg,a group of masks hanging on a wall
77-2.jpg,a building with a sign on the side of a street
71-2.jpg,a table full of different containers of food on a table
26-10.jpg,two young men playing a game of basketball
79-6.jpg,a man working in a field with a shovel
24-4.jpg,a couple of people playing soccer on a field
80-3.jpg,a group of people standing in a field of wheat
69-8.jpg,three young men sitting on a couch playing on their cell phones
57-11.jpg,a group of people standing around a wok of food
40-3.jpg,a pan of food cooking on a grill on a fire
57-2.jpg,a cup of nasi goreng with a spoon
66-2.jpg,a close up of a durian fruit on a table
94-7.jpg,a group of people standing on a stage in front of a crowd
93-10.jpg,the entrance to the temple of wat pho in ubud indonesia
49-5.jpg,a woman in a brown dress playing a violin
55-8.jpg,a close up of skewers of shrimp on a grill
53-5.jpg,a bowl of food with chopsticks on a white plate
61-7.jpg,a cart filled with jars of fruit and vegetables on a street
20-4.jpg,a pile of green brussel sprouts in a supermarket
54-3.jpg,a bowl of rice with meat and an egg on top
36-1.jpg,a wooden bowl filled with spoons and teaspoons
8-0.jpg,a brown and black dog laying on the grass
64-6.jpg,a black vase with a red flower in it
62-2.jpg,a bowl of soup on a blue plate on a wooden table
41-2.jpg,a variety of small ceramic bowls sitting on a table
57-1.jpg,a plate of food and a drink on a table
56-10.jpg,a bowl of soup with meatballs and broccoli on a wooden table
51-8.jpg,a group of women holding large metal pots on a cart
9-0.jpg,a white rabbit is sitting in the grass
55-5.jpg,a tray of skewers of meat on a red tray
39-7.jpg,a large copper pot sitting on top of a stove
33-3.jpg,the buddhist temple of tanah lot is lit up at night
17-3.jpg,a cluster of white flowers with yellow and orange centers
3-6.jpg,a green parrot perched on top of a pan
19-1.jpg,a pile of green spinach leaves
11-10.jpg,a herd of cows standing and laying in the grass
22-9.jpg,a bunch of beans on a green leaf
66-7.jpg,a display of durian fruits hanging from a market
6-2.jpg,a black and white cat looking up at the camera
72-4.jpg,a courtyard with plants and gravel in a house
20-1.jpg,a head of cabbage growing in a garden
93-7.jpg,a woman standing in front of a fruit stand
66-4.jpg,a bunch of cashews hanging from a tree
26-4.jpg,two men playing basketball on a basketball court at sunset
47-10.jpg,a group of women dancing in a building with people watching
17-11.jpg,a white orchid hangs from a tree in a dark room
16-2.jpg,a cluster of yellow and white flowers on a tree
88-6.jpg,some of the artwork on display in the exhibition
48-1.jpg,a guitar and a pair of shoes on the beach
28-4.jpg,two men playing a game of ping pong on a table
7-3.jpg,two goats standing next to each other
46-4.jpg,two women in dresses standing in front of a table with flowers
68-10.jpg,a hammered stainless steel tub in a bathroom with sinks
13-11.jpg,a group of yellow flowers next to a fence
27-8.jpg,a girl holding a soccer ball on a tennis court
24-2.jpg,a man is kicking a soccer ball on a field
28-9.jpg,a group of young boys playing a game of ping pong
74-5.jpg,a tall building with the arbys logo on it
64-3.jpg,a hand holding a fruit with a bite taken out of it
50-6.jpg,three men playing a game of drums on a table
53-3.jpg,a group of bowls of food on a table
23-2.jpg,a pile of carrots piled on top of each other
22-7.jpg,a bunch of pods hanging from a tree
1-0.jpg,a small bird sitting on a wooden table
43-4.jpg,a man sitting at a table
44-5.jpg,a row of denim jeans on display at a store
26-3.jpg,a group of men playing a game of basketball
2-9.jpg,a large bird sitting in front of a fence
72-11.jpg,two men working on a tree in a garden
85-7.jpg,a piece of paper with a pencil and a drawing on it
58-11.jpg,the counter of a food kiosk in a restaurant
19-3.jpg,a pile of green plants with water drops
29-11.jpg,a woman swimming in a swimming pool
75-4.jpg,a small building with a fence in front of it
87-3.jpg,a green piece of paper with a ruler and a calculator
60-10.jpg,a pile of food and drinks on a red and white table
92-3.jpg,a group of women praying in a mosque
14-7.jpg,a bunch of pink roses in a field
29-4.jpg,a group of people diving into a swimming pool
32-9.jpg,a group of people standing on a street holding children
70-4.jpg,a group of people sitting in a small kitchen
3-8.jpg,a green and yellow parrot standing in the dirt
57-3.jpg,a plate of food with rice and eggs and meat
26-9.jpg,a group of young men playing basketball on a court
44-4.jpg,a group of people standing on a sidewalk with their shoes on
75-7.jpg,a group of houses around a body of water
58-6.jpg,a glass of orange juice next to a plate of food
48-2.jpg,a person sitting on the beach taking a picture of the ocean
76-4.jpg,a wooden house on stilts with a church on top of it
52-5.jpg,a group of young people wearing pink hijab and holding candles
54-5.jpg,a bowl of food with a spoon in it
78-8.jpg,a man driving a tractor in a field with two horses
51-2.jpg,a group of people sitting on a bench in front of a temple
80-7.jpg,a woman is walking down a path with a bag and
79-4.jpg,a group of men working on the ground with shovels
42-6.jpg,a group of young men posing for a photo in front of a building
67-10.jpg,a basket of fruit with a red bow on a table
64-10.jpg,a group of children eating strawberries
46-5.jpg,a model walks the runway in a blue gown
85-5.jpg,a stack of tins of tiesto nail polish stacked up on each other
73-11.jpg,an old building in the middle of a city street
91-10.jpg,a man dressed up as a puppet in a parade
77-1.jpg,a large building with a sign in front of it
40-4.jpg,a pan of fish cooking in a pan of oil on a stove
31-4.jpg,a christmas tree in the city at night
81-7.jpg,a man in a field with a machine in the mud
74-8.jpg,the pool at the resort is surrounded by palm trees
61-10.jpg,a group of people standing around a food cart on a street
48-8.jpg,a young woman playing a guitar in front of a graffiti wall
84-8.jpg,a group of young people sitting on the ground with papers
77-0.jpg,a house with a fence and a gate in front of it
59-11.jpg,a man standing next to a ice cream cart on a street
84-11.jpg,a group of people sitting at a desk writing on paper
78-3.jpg,a red tractor parked in a parking lot
47-5.jpg,a group of women walking down a road with baskets on their heads
55-1.jpg,a plate of food with yellow sauce and chopsticks on it
92-4.jpg,a group of men in uniform standing on a red carpet
16-7.jpg,a cluster of yellow and pink flowers on a plant
18-7.jpg,a close up of green grass in the field
68-0.jpg,a bathroom with a sink and a shower
69-7.jpg,a group of men sitting on a couch
46-3.jpg,two women standing in front of a wedding altar with candles
28-7.jpg,a man is throwing a frisbee on a court
69-2.jpg,a group of children and a woman sitting on a couch
31-7.jpg,a group of musicians playing instruments on a stage
95-11.jpg,a temple with a statue in front of it
15-8.jpg,a bunch of white tulips in a bouquet
27-6.jpg,a group of men playing volleyball on a court
84-3.jpg,a group of green pencils on a white table
52-2.jpg,a young boy is playing on a weaving machine
77-11.jpg,the lobby of the mall of america is empty
90-9.jpg,three vases sitting next to each other on a table
69-9.jpg,a group of men sitting in a living room praying
72-0.jpg,a yard with grass and trees and a pathway
6-4.jpg,a siamese cat sitting on a wooden table
70-0.jpg,a kitchen with gray cabinets and a stove and a sink
66-9.jpg,a wheelbarrow full of pineapples and a chicken on the street
28-3.jpg,a young boy playing a game of table tennis
71-4.jpg,a table with a white table cloth on it
30-2.jpg,two men are playing tennis on a tennis court
62-8.jpg,a row of bottles of hot sauce in a refrigerator
45-2.jpg,a woman looking out over a lush green field and trees
10-6.jpg,a baby elephant swimming in a river
64-9.jpg,a wheelbarrow full of strawberries on the side of a street
57-7.jpg,a row of plates with rice and scrambled eggs on them
65-2.jpg,a red flower hanging from a bunch of green bananas
70-2.jpg,a kitchen with a stove and a plate of fruit on the counter
31-3.jpg,a large christmas tree in a shopping mall
69-10.jpg,a group of people sitting around a table
68-9.jpg,a man is cleaning a toilet in a bathroom
60-2.jpg,a group of people sitting around a table
23-6.jpg,a bunch of carrots on a wooden table
18-8.jpg,a woman holding green plants in the grass
85-11.jpg,a man sitting at a desk holding a briefcase in his hand
3-3.jpg,a blue and yellow parrot perched on a fence
10-7.jpg,an elephant in the water with a person on its trunk
69-4.jpg,a dining room with a table and chairs
39-0.jpg,a pot full of leeks on the stove
37-9.jpg,a slice of cake with fruit on a plate with a fork
84-7.jpg,a group of children sitting at desks in a classroom
95-4.jpg,people throwing confetti at a festival
71-6.jpg,a group of people standing around a table with food
63-4.jpg,a small bird sitting in a nest on a tree
80-9.jpg,a man kneeling in the grass in a rice field
60-3.jpg,two cups of coffee sitting next to a pirate ship
91-0.jpg,a man holding a mask up to a persons face
85-8.jpg,a hand holding a piece of paper with a drawing on it
80-2.jpg,a farmer harvesting rice in a field
60-8.jpg,four bowls filled with different types of grains
36-9.jpg,a selection of wooden spoons and utensils on a wooden table
6-9.jpg,a cat laying on a chair next to a plant
50-8.jpg,a group of people playing drums and playing sticks on a stage
56-6.jpg,a plate of food with pasta and meat and a fork
96-6.jpg,people praying to a buddha statue at a temple
5-9.jpg,a sulphur crested cockatoo perched on a tree
95-3.jpg,a crowd of people watching a house covered in christmas lights
20-5.jpg,a field of leafy greens in a greenhouse
48-7.jpg,image may contain  person on stage and playing a guitar
52-7.jpg,a group of young children standing in front of a teacher holding trophies
24-6.jpg,a group of young men playing a game of soccer
63-10.jpg,a man standing next to a table of fruit and syrup
31-6.jpg,a group of women in costumes singing on a stage
28-2.jpg,two men playing a game of ping pong on a table
49-3.jpg,a woman in a red dress playing a violin
81-0.jpg,a man is pulling a cow in a field
14-3.jpg,a group of pink flowers on a tree
84-5.jpg,a child drawing with a red pencil on a piece of paper
85-6.jpg,a pen and a battery on a white surface
62-9.jpg,a cup of ice cream with chocolate sauce and fruit
39-11.jpg,a pot of soup boiling on the stove
17-2.jpg,a large purple flower on a tree
26-11.jpg,a group of women playing basketball in a gym
14-11.jpg,a close up of a bouquet of pink roses
32-5.jpg,a crowd of people in front of a large building
64-0.jpg,a bunch of rambutan on a table in a market
84-6.jpg,a group of people drawing on paper in a tent
26-2.jpg,the mens basketball game is being played in front of a crowd
64-4.jpg,a tree branch with small white flowers on it
53-2.jpg,a meal of rice and curry and a drink on a table
21-6.jpg,a pile of cauliflower with green leaves on a table
43-10.jpg,a man standing in the desert taking a picture with a camera
42-2.jpg,a man wearing a red shirt and sunglasses in the woods
69-1.jpg,a group of people sitting in a living room
89-1.jpg,a bronze statue of a woman working with a machine
59-0.jpg,two pitchers of beer sitting on a table
28-12.jpg,a man playing a game of ping pong on a table
86-11.jpg,the library is full of books on shelves
71-1.jpg,a man and a woman sitting at a table full of food
33-1.jpg,a group of people holding a metal bar over a buddha statue
11-8.jpg,a man standing next to two white cows
65-1.jpg,a man standing next to a pile of bunches of bananas
95-9.jpg,a group of people walking down a street
54-7.jpg,a plate of rice and meat on a banana leaf
30-7.jpg,a woman holding a tennis racket and a tennis ball
32-4.jpg,a large crowd of people in a mosque
39-8.jpg,a silver coffee maker sitting on top of a stove
29-10.jpg,a group of people swimming in a pool
1-1.jpg,a bird perched on the edge of a bird bath
43-7.jpg,a group of people sitting around a table
51-11.jpg,a group of people sitting in a room with rows of chairs
89-7.jpg,a statue of a man and a woman on a pedestal in a park
86-8.jpg,a library filled with lots of books on shelves
49-0.jpg,a row of violins hanging from a rack in a violin shop
47-0.jpg,three women are standing in front of a mirror on a train
94-3.jpg,people sitting in a church with large windows
85-10.jpg,two young boys drawing with colored pencils on a table
11-0.jpg,a close up of a brown cow with trees in the background
2-10.jpg,a bird sitting on top of a wooden
60-4.jpg,a cup of coffee and two crackers on a saucer
47-7.jpg,a group of women standing in a line with baskets on their backs
67-6.jpg,grapes hanging from the vine in a vineyard
57-0.jpg,a plate of food on a wooden table including a plate of rice and a plate
33-5.jpg,a temple lit up at night in the dark
84-10.jpg,two young boys sitting on a couch looking at a book
18-5.jpg,a group of green plants in a garden
88-10.jpg,a painting of a man in a uniform and hat in a gold frame
89-0.jpg,a crowd of people standing around a statue in front of a crowd
65-4.jpg,a person holding a basket full of bananas
33-6.jpg,a temple at night under a full moon
28-8.jpg,a man playing a game of ping pong on a table
10-4.jpg,a baby elephant walking down a muddy path
58-9.jpg,a display case with various fruits in it
31-11.jpg,a shopping mall with christmas decorations and
45-6.jpg,a group of girls in uniform posing for a picture
16-1.jpg,a pink and yellow flower on a plant
57-5.jpg,a plate of food with rice and fish and vegetables
37-4.jpg,a table set with forks and sprigs of thyme on a napkin
75-0.jpg,a small house in a field of flowers
54-10.jpg,a pot of soup with beef and celery in it
52-10.jpg,a group of people standing in front of a stage
35-9.jpg,a man sitting on the ground in front of a crowd of people
33-11.jpg,a group of monks in yellow robes praying around a baptismal font
49-8.jpg,a girl in a red dress playing a violin
46-7.jpg,a model walks the runway in a bridal gown
92-9.jpg,a group of women sitting in a crowd
8-8.jpg,a brown dog standing in the dirt next to a motorcycle
7-1.jpg,a brown goat standing on a dirt road
76-11.jpg,an aerial view of the city
40-6.jpg,a pan of pork chops cooking in gravy on a stove
59-3.jpg,two glasses of milk and juice on a table
81-6.jpg,two tractors are working in a field
58-10.jpg,two boys buying food from a food cart on the side of the street
91-5.jpg,two masks on a white table next to each other
7-12.jpg,a group of women standing with goats
5-1.jpg,two white birds with yellow bills standing in the grass
32-11.jpg,a group of people sitting on the floor in a room
29-8.jpg,a young man swimming in a swimming pool
30-10.jpg,a man hitting a tennis ball with a racket
41-8.jpg,a tray of food with rice and other dishes on a table
47-1.jpg,a group of women sitting in a room
78-0.jpg,a tractor in the middle of a dirt field
39-1.jpg,a stainless steel pot and lid on a stove top
93-9.jpg,two women sitting on the grass praying to each other
96-0.jpg,the pagoda at the top of the temple
60-1.jpg,two cups of coffee on a table with chocolate bars
30-11.jpg,a tennis court filled with yellow and red tennis balls on a net
40-10.jpg,a pan filled with potatoes cooking on a stove
51-9.jpg,a group of people sitting in chairs playing instruments at a festival
6-5.jpg,a white cat sitting on the floor under a chair
85-3.jpg,a bar of chalk on top of a piece of paper
96-4.jpg,a young boy holding a ball and talking to a man and a girl
61-2.jpg,a bowl of soup and a plate of food on a table
27-2.jpg,a volleyball player holding a ball in her hand
10-1.jpg,a couple of elephants standing next to a baby elephant
18-9.jpg,a variety of green vegetables in baskets at a market
94-11.jpg,a sign on the side of a building with a closed door
34-2.jpg,a group of people taking a picture of a dragon costume
69-3.jpg,a group of children playing with toys in a living room
64-2.jpg,a bunch of raspberries growing on a tree
61-0.jpg,a cup of iced tea with a spoon
29-5.jpg,a large swimming pool with people swimming in it
87-5.jpg,a magazine with a pair of scissors and other items on it
74-2.jpg,a yellow building with a tree in front of it
40-7.jpg,a wok filled with green vegetables and a wooden spoon
10-11.jpg,a herd of elephants standing in a river
42-10.jpg,a young man wearing a black t shirt and khaki pants
3-0.jpg,two green parrots sitting on a ledge
14-9.jpg,a bride holding a bouquet of red and white flowers
54-9.jpg,a white plate topped with meat
77-10.jpg,the building in which the hotel is located
59-7.jpg,crates of soda are stacked on top of each other
54-0.jpg,a display of different kinds of food on plates on a table
61-6.jpg,two bowls of soup with rice and black olives on a red table
29-0.jpg,a swimmer is swimming in a pool
31-5.jpg,a christmas tree in a shopping mall
24-10.jpg,a crowd of people watching a baseball game in a stadium
13-6.jpg,a cluster of white and pink flowers on a plant
17-6.jpg,a bunch of purple orchid flowers in a vase
92-8.jpg,a group of children standing in a room
49-2.jpg,a woman in a white shirt playing a violin
67-2.jpg,a bowl of grapes on a table at a protest
52-11.jpg,a large collection of toothbrushes on display in a store
67-8.jpg,a glass of wine sitting next to a bunch of grapes
9-5.jpg,a brown and white rabbit eating a leaf
7-0.jpg,a black sheep with a horn in a pen
16-8.jpg,two petals of aeria flower laying in the grass
58-3.jpg,a hand holding a yellow smoothie in front of a fruit stand
5-8.jpg,a white bird perched on top of a rock
96-3.jpg,the facade of a white building with columns and a doorway
57-10.jpg,a man is cooking food on a food cart
37-10.jpg,a box filled with forks and knives
36-7.jpg,a wooden spoon with spices on a table
49-4.jpg,three women holding a violin and posing for a picture
55-4.jpg,a plate of food with skewers of meat and sauce on a table
96-1.jpg,a statue of author under a tree in front of a temple
15-10.jpg,a cluster of white flowers on a green plant
70-7.jpg,three men are in a kitchen preparing food
47-2.jpg,models on the runway at a fashion show
84-4.jpg,a group of children are sitting on the floor writing on paper
83-10.jpg,a man standing in front of a group of people in a classroom
19-4.jpg,a bowl of green salad with tongs on a table
76-2.jpg,a small house with a scooter parked outside of it
37-8.jpg,a set of forks and spoons on a black table
93-4.jpg,a man riding on the back of a horse
10-9.jpg,a man riding on the back of two elephants in the water
46-0.jpg,the bride and her bridesmaids posing for a picture
42-3.jpg,a white tshirt with a blue stripe on it on a wooden
16-3.jpg,a close up of a pink flower on a plant
53-6.jpg,a bowl of soup and a glass of orange juice
67-11.jpg,a pile of strawberries and grapes on a table
37-6.jpg,a set of forks sitting on a red table
13-10.jpg,a close up of white jasmine flowers on a bush
11-6.jpg,a brown cow with horns looking at the camera
2-11.jpg,a bird perched on top of a rock
14-4.jpg,a pair of pink roses with green leaves
58-5.jpg,a group of people standing around a fruit stand
95-10.jpg,a temple with a statue in front of it
42-9.jpg,a display of tee shirts for sale in a market
23-3.jpg,a pile of carrots in a pile
16-9.jpg,a cluster of yellow flowers on a tree
44-6.jpg,a pile of folded jeans in a drawer
38-6.jpg,a person drawing a design on a plate with a pencil
50-7.jpg,a woman sitting against a tree smoking a cigarette
21-1.jpg,a pile of caulifloweriflower on display at a market
18-6.jpg,a large field of green leaves in the water
86-4.jpg,a group of people looking at books in a library
84-0.jpg,two wooden pencils on a white table next to each other
63-8.jpg,a hand holding a small donut with nuts on a plate
68-3.jpg,a white room with a wooden ledge on the wall
25-7.jpg,a man serving a tennis ball on a tennis court
27-7.jpg,a girl hitting a volleyball on a court
26-5.jpg,the basketball team is celebrating on the court
43-11.jpg,a young man holding a camera and giving the peace sign
80-4.jpg,a group of people wearing masks standing in a field of wheat
62-1.jpg,a baby is drinking from a bottle
79-11.jpg,a person sitting in a workshop with a bunch of tools
50-1.jpg,a group of men playing instruments in a festival
35-2.jpg,a man standing in the water with a crowd of people
73-7.jpg,a man holding a hose in front of a building
56-7.jpg,a hand holding a bowl of food with dumplings
86-6.jpg,a group of people standing around a blue bus
24-1.jpg,a group of young men playing a game of soccer
29-3.jpg,a man is swimming in a swimming pool
87-2.jpg,a laptop computer sitting on a desk with a cup of coffee
90-2.jpg,a bunch of pots and pans sitting on a table
95-1.jpg,a group of people standing around a large vase
75-2.jpg,the front porch of an old log cabin
8-6.jpg,two pug dogs standing next to each other
36-4.jpg,three silver spoons sitting on top of a table
6-10.jpg,a white and brown cat with blue eyes looking at the camera
64-5.jpg,bunch of lychee fruit on display at a market
35-7.jpg,a little girl sitting in a crowd of people
94-1.jpg,a building with a sign on the side of it
48-5.jpg,a man holding a guitar on a stage
53-9.jpg,a food cart on the side of a street
59-1.jpg,a plate of food on a table with a drink
17-4.jpg,a bunch of white and yellow flowers on a tree
58-7.jpg,a cup of milk with a straw on a table
79-7.jpg,two people standing in a field with a mountain in the background
30-6.jpg,two men playing tennis on a tennis court
76-7.jpg,a house with a fence and a gate in front of it
76-6.jpg,a row of houses with roofs on a street
95-8.jpg,an aerial view of a carnival parade in a parade
80-10.jpg,a man sitting next to a stream in a field
65-3.jpg,a bunch of bananas hanging from a tree
31-8.jpg,people sit on the steps watching people at a water park
54-8.jpg,a glass bowl of chocolate in front of a basket of rolls
2-6.jpg,a bird perched on top of a tree branch
56-1.jpg,a plate of food with shrimp and crackers on a table
11-3.jpg,two white cows pulling a man on a cart
31-0.jpg,a christmas tree in the middle of a mall
2-2.jpg,two white and black birds perched on a tree branch
41-1.jpg,a buffet table with bowls of soup and bread
19-10.jpg,a green smoothie in a glass on a pile of spinach
15-1.jpg,a bunch of white flowers in a garden
42-4.jpg,a man wearing a under armour shirt standing in the desert
39-9.jpg,a group of pots and pans on a table
50-0.jpg,a man sitting on a chair holding a pencil
1-2.jpg,a small bird sitting on top of a branch
52-9.jpg,a group of women holding instruments on a stage
89-9.jpg,a statue of a buddha sitting on a bench
23-1.jpg,a pile of carrots with their green shoots
81-10.jpg,a man working with two cows in a field
44-3.jpg,a man standing next to a display of jeans
86-2.jpg,a classroom of students sitting at tables in a library
13-5.jpg,a close up of pink flowers on a tree
46-1.jpg,two women in dresses standing in front of a wedding table
10-5.jpg,a man is standing next to an elephant
55-9.jpg,a yellow food truck with a display of food and a sign on the window
7-11.jpg,a herd of goats walking down a road
13-1.jpg,a cluster of white flowers on a tree with green leaves
53-0.jpg,a table topped with bowls of different types of food
52-1.jpg,a group of children holding instruments in front of a hut
93-1.jpg,two temples at the prambanan temple complex in yogyakarta
62-6.jpg,a glass of iced coffee sitting on a bar next to jars of beans
93-2.jpg,a statue of lord buddha on top of a temple
15-9.jpg,a cluster of white flowers on a tree
53-11.jpg,a crowd of people standing around a food truck
35-10.jpg,a large group of people standing on the steps of a mountain
63-2.jpg,a group of palm trees in a forest
68-7.jpg,a bathroom with a bath tub and a window
71-8.jpg,a view of a living room and dining room with a table and chairs
52-8.jpg,a group of young children playing on a bamboo structure
67-7.jpg,a bunch of grapes in a glass bowl
34-0.jpg,a busy street with red lanterns hanging over cars and buildings
85-9.jpg,a notebook filled with notes and a diagrammaticalmaticalmatical diagrammaticalmaticalmatical diagram
68-2.jpg,a cluttered bathroom sink with many items on it
83-1.jpg,a whiteboard with a train drawn on it next to a box and a container
6-1.jpg,an orange cat laying on top of a couch
83-9.jpg,a group of people watching a presentation in a classroom
36-2.jpg,a stack of plates with spoons on top of them
11-5.jpg,two cows standing next to each other in the hay
45-4.jpg,a woman standing on top of a mountain looking at the sky
87-9.jpg,the contents of a sewing kit are laid out on a table next to a notebook
17-10.jpg,a bunch of pink flowers on a branch
5-3.jpg,a white bird perched on a tree branch
23-0.jpg,a pile of carrots on display at a farmers market
12-4.jpg,a herd of cows walking down a road
22-8.jpg,a bunch of green beans on a wooden table
93-8.jpg,a bouquet of flowers on a black background
96-11.jpg,a group of people standing in front of a buddhist temple in a park
78-11.jpg,a man pulling a tractor in the water
29-7.jpg,a man is swimming in a swimming pool
48-10.jpg,a group of young men playing guitar and singing on a stage
87-8.jpg,a close up of a bronze object next to a ruler
90-11.jpg,a man working on a pottery vase on a pottery wheel
43-6.jpg,a group of people chatting at a table
24-9.jpg,a group of young boys playing soccer on a field
43-0.jpg,a man in a white shirt is holding up his hand
76-5.jpg,a large wooden building with a roof on top
88-1.jpg,a man working on a painting at an art exhibition
19-11.jpg,a plant with green leaves growing next to a tree
91-8.jpg,a collection of colorful masks hanging from a ceiling
32-1.jpg,a priest and a man in a room
22-10.jpg,a bunch of green grass with long stems
85-2.jpg,a pair of gold and red pencils on a piece of paper
31-2.jpg,people praying inside of a church with a crowd of people sitting on benches
88-11.jpg,a painting of a group of people standing in front of a house
70-1.jpg,a woman standing in a kitchen holding a banana
80-11.jpg,a group of people working in a field
5-6.jpg,a white bird with a red spot in a cage
89-10.jpg,an old black and white photo of a statue of a deity
19-6.jpg,a close up of a green lettuce plant
65-10.jpg,a basket of skewers of meat on a grill
50-11.jpg,a man with a hat is blowing a horn
78-4.jpg,a man driving a tractor in the dirt
11-2.jpg,a white cow standing next to a tree
31-1.jpg,a crowd of people are watching a tiger walking down the steps
42-5.jpg,a young woman wearing a red shirt and black shorts standing on a balcony
52-3.jpg,a group of women performing on a stage in front of a crowd
15-6.jpg,a cluster of flowers in a field of grass
27-11.jpg,a female volleyball player holding a ball
4-11.jpg,a close up of a peacock with its blue head and orange eyes
88-9.jpg,a pair of framed photographs of a woman in a headdress on a blue wall
35-1.jpg,a group of people sitting around a temple with food
94-5.jpg,a white building with a red dome on top of it
59-6.jpg,a group of bottles of soda on a table
77-9.jpg,the building in which the hotel is located
36-6.jpg,a small wooden spoon on a counter top
59-5.jpg,a plate of food and a glass of beer on a table
94-10.jpg,a large group of people sitting in chairs in a room
93-5.jpg,a group of people sitting around a table with candles
96-9.jpg,a group of men in orange robes praying in a room
4-5.jpg,an ostrich walking through the grass
12-0.jpg,a bull with horns eating grass in a field
9-9.jpg,a brown and white rabbit sitting in a field of flowers
12-9.jpg,a buffalo grazing in a field of grass with a bird on its back
46-11.jpg,a woman in a dress sitting next to a bed
30-3.jpg,a tennis racket and a tennis ball on a court
35-0.jpg,a crowd of people standing around a large shrine
35-3.jpg,a group of people holding an elephant on the beach
39-2.jpg,a stainless steel pot filled with boiling water on a stove
96-5.jpg,a monk praying in front of a temple
56-2.jpg,a table topped with bowls of food and drinks on it
77-8.jpg,a large yellow building with a green dome on top of it
84-1.jpg,a blue pencil and a black
6-8.jpg,an orange cat sitting on a tennis court
95-7.jpg,a busy street in front of a temple with people and cars and a large building
87-4.jpg,a table with sewing equipment and papers on it
45-10.jpg,a group of girls singing with microphones
88-3.jpg,a man and a woman painting a large painting on a wall
92-10.jpg,a large crowd of people sitting on the street praying
39-5.jpg,a pot on a stove in a kitchen
5-11.jpg,two white cockatoo birds eating food in the grass
24-11.jpg,a young boy sitting on the grass holding a soccer ball
45-5.jpg,four girls singing on a stage with microphones
23-10.jpg,a bunch of carrots piled on top of each other
50-2.jpg,a young man smoking a cigar
73-1.jpg,a busy city street with cars and tall buildings
17-1.jpg,a bunch of white orchid flowers on a black background
64-7.jpg,two baskets full of rambutan on the ground
28-11.jpg,two people playing a game of ping pong
50-4.jpg,a wooden dowel on top of a blue table cloth with a pattern of animals
5-2.jpg,a white cockatoo perched on top of a fence
50-3.jpg,a woman sitting on a rail playing a flute
40-0.jpg,a wok filled with vegetables cooking on a stove
62-7.jpg,a box of essie emu and a glass of milk
66-10.jpg,a bowl of macaroni and cheese with a spoon in it
31-10.jpg,a large statue of a gorilla with a santa hat on it
60-7.jpg,a group of people sitting around a table
32-6.jpg,a large group of people praying in a park
30-0.jpg,a tennis ball on a racket on a tennis court
17-0.jpg,two white orchid flowers in a flower market
18-2.jpg,a plate of green beans with sauce on a table
88-0.jpg,a woman sitting on a stool painting a picture in front of an art exhibit
90-4.jpg,a pile of clay pots stacked on top of each other
35-4.jpg,a large crowd of people standing around a parade
30-5.jpg,a man serving a tennis ball on a tennis court
5-5.jpg,a white parrot perched on a wooden fence
65-9.jpg,a boat in the water with bananas on it
50-10.jpg,a group of indigenous women playing musical instruments
73-2.jpg,a group of tall buildings in a city with trees and a street light
61-9.jpg,a tray of different jars of different types of green herbs
5-10.jpg,a white parrot perched on a tree branch
13-4.jpg,a cluster of white and yellow flowers on a tree
13-3.jpg,a small white flower on a green plant
14-10.jpg,a bouquet of red and white roses in a vase on a table
31-12.jpg,a group of people posing in front of a banner
70-10.jpg,a man is repairing a sink in a kitchen
7-8.jpg,two goats standing next to each other in a dirt field
9-11.jpg,a rabbit sitting in hay in a box
91-7.jpg,a row of wooden faces with hats on a wall
7-9.jpg,a mother goat and two baby goats
92-6.jpg,a group of children sitting around a table reading books
39-4.jpg,a bunch of pots and pans sitting on a stove
38-3.jpg,a bunch of white plates with sprinkles on them on a wooden table
73-4.jpg,a row of tall buildings with different colors on the side of the road
35-6.jpg,a group of people holding up golden lamps in a parade
67-4.jpg,a close up of kiwi fruit and grapes
66-1.jpg,a durian fruit next to a bunch of bananas
79-3.jpg,a pair of axes and a log on the grass
58-0.jpg,a table with two coconut filled with fruit and a bowl of flowers
55-0.jpg,a plate of chicken skewers on a wooden table
22-11.jpg,a bunch of green beans on a cutting board with a knife
9-6.jpg,a black rabbit sitting on top of hay
94-2.jpg,the interior of a church with people sitting in pews
40-1.jpg,a person pouring food into a pan on a stove
56-14.jpg,a man is standing next to a food cart on a bike
25-6.jpg,a man hitting a tennis ball with a racket
75-3.jpg,a gazebo in front of a building
23-11.jpg,a pile of carrots in a blue crate
77-5.jpg,the front of a hospital with a car parked in front of it
36-0.jpg,a bunch of spoons in a metal container
7-7.jpg,a baby goat standing in the grass
13-2.jpg,a cluster of white flowers on a tree
18-1.jpg,a plate of green beans with sauce on a table
63-3.jpg,a basket full of pineapples on display at a market
11-4.jpg,a brown cow is tied up to a fence
80-5.jpg,a man is working in a field of grass
41-5.jpg,a bowl of salad with herbs on a table
90-7.jpg,a woman sitting on the ground with a group of balls
25-1.jpg,people playing a game of badminton on a indoor court
19-0.jpg,a close up of green spinach leaves in a field
88-7.jpg,a mural of a horse drawn carriage on the wall of a building
34-5.jpg,a large group of people in pink shirts marching in a parade
26-6.jpg,a man throwing a basketball into a hoop
86-3.jpg,a group of children sitting at desks in a classroom
93-0.jpg,a large group of people sitting on the ground praying
45-9.jpg,a woman standing next to a bike with a basket on it
58-1.jpg,two glasses of carrot juice with a lime on top
54-13.jpg,a plate of empanadas with sauce on a table
42-7.jpg,a group of girls in blue t shirts posing in front of a poster
56-11.jpg,a person eating food from a bowl with a spoon
87-11.jpg,a table with a piece of paper and some wood and other tools
24-7.jpg,two men playing soccer on a field with a soccer ball
43-5.jpg,a young man sitting at a desk in an office
65-8.jpg,a pile of bunches of bananas on the back of a truck
21-8.jpg,a head of cauliflower in a pot with a wooden spoon
90-3.jpg,a group of vases sitting on a yellow table covered by a yellow cloth
33-0.jpg,a crowd of people standing around a temple
61-3.jpg,two plastic cups filled with different types of fruit and juice
88-5.jpg,a woman standing in front of a painting of a shark
29-6.jpg,a group of swimmers are swimming in a pool
59-8.jpg,a group of women sitting around a table with a birthday cake
80-8.jpg,a group of people standing in a field
13-7.jpg,a tree with white flowers and green leaves
74-6.jpg,a tall building on the side of a city street
1-7.jpg,a bird drinking water from a fountain
72-8.jpg,a group of people sitting on a wooden table
22-6.jpg,green beans are piled up in a basket
38-1.jpg,a rack of plates and bowls on a table
25-11.jpg,a group of men playing a game of tennis on a court
81-9.jpg,a man is pulling a white cow in a field
8-5.jpg,a black and brown dog laying down on a road
89-6.jpg,three bronze statues of women sitting on rocks
4-7.jpg,a large black bird with a blue beak and red
65-5.jpg,a man standing next to a bunch of green bananas
51-7.jpg,a woman kneels on the floor of a praying room in a temple
45-3.jpg,a woman is standing on a sidewalk
22-5.jpg,a tree with green and brown leaves in a field
29-1.jpg,a man in a swimming pool with his arm in the water
2-4.jpg,a close up of a bird of prey with its wings outstretched
70-8.jpg,two men in a kitchen preparing food in a pan
20-8.jpg,a pile of green cabbage on display at a market
21-2.jpg,a pile of caulifloweriflower on top of each other
89-8.jpg,a statue of an angel in a garden
39-6.jpg,a pot with a snake on the top of it on a stove
88-8.jpg,a mural on a fence in front of flags
54-1.jpg,a table full of plates of food with many different dishes on it
20-11.jpg,a red cabbage cut in half on a cutting board
68-5.jpg,a bathroom with a toilet and a painting on the wall
7-4.jpg,a goat standing in a field with other goats
48-6.jpg,image may contain  person on stage playing a guitar and concert
40-9.jpg,a pie cooking in a pan on a stove
36-3.jpg,a pair of blue and white shoes on a table
79-9.jpg,a group of young men standing around a construction site with a shovel
52-6.jpg,a group of people playing a xylophone
25-0.jpg,a group of men playing a game of tennis on a court
37-5.jpg,a person cutting into a piece of food with a fork
30-1.jpg,a woman holding a tennis racket and a tennis ball
72-6.jpg,a yard with green grass and a house
78-5.jpg,a tractor is sitting in a field
19-7.jpg,a row of green plants in the grass
55-3.jpg,a plate of food on a wooden table with chopsticks
43-1.jpg,a group of men standing in front of a gold wall and a flag
69-0.jpg,a family posing for a picture in a living room
77-4.jpg,a white building with a fence in front of it
67-5.jpg,a bowl of fruit with apples oranges and tomatoes
51-3.jpg,an ornate victorian style couch with silver and gold painted wood
37-7.jpg,a piece of cake on a plate with a fork
43-8.jpg,a young man wearing sunglasses and a plaid shirt
44-11.jpg,a row of denim jeans hanging on a rack
44-8.jpg,a rack of clothes with price tags on them at a clothing store
81-4.jpg,two cows pulling a man in a field of grass
1-11.jpg,a small bird perched on a tree branch
15-3.jpg,a close up of some white and green flowers
70-6.jpg,a black and white photo of a room with a bed
68-1.jpg,a bathroom with a toilet and a sink
41-10.jpg,a bowl of fruit with bananas and a raspberry
38-10.jpg,a plate with a vase of flowers on it
45-8.jpg,two girls are singing on a microphone on a stage
71-0.jpg,a group of people sitting around a table eating food
44-9.jpg,a display of clothes and bags on a table
47-4.jpg,two women walking down the street with baskets on their heads
1-10.jpg,two birds perched on a branch of a tree
25-9.jpg,a group of people playing a game of tennis on a court
3-1.jpg,a blue and yellow parrot perched on a wooden
32-12.jpg,a glass table with plates of food on it
94-6.jpg,a church with a steeple in front of a blue sky
22-0.jpg,a close up of a bunch of green beans
12-5.jpg,a man standing next to a bull in a river
74-0.jpg,an aerial view of a city with tall buildings and palm trees
74-4.jpg,a tall building with palm trees in front of it
9-10.jpg,a brown rabbit sitting next to a wooden fence
29-2.jpg,a person is swimming in a swimming pool
76-8.jpg,a large building under construction with scaffolding
8-2.jpg,a brown and white dog laying on a stone bench
11-9.jpg,two black and white cows drinking water from a pond
72-7.jpg,a boat in the water next to a building
48-4.jpg,image may contain  person on stage playing a guitar and concert
46-10.jpg,four women posing for a picture at a party
77-6.jpg,the main building of thessaloniki airport  by kodak agfa
85-4.jpg,a variety of pens and pencils and a ruler on a table
54-4.jpg,a chef prepares plates of food in a kitchen
91-3.jpg,two people wearing clown masks with their arms around each other
38-4.jpg,a stack of white plates on a table
83-5.jpg,a teacher is standing in front of a class of children in a classroom
59-9.jpg,a group of people eating in a restaurant
38-11.jpg,a plate of food on a wooden table
21-9.jpg,a green plant with a white head of cauliflower on it
76-10.jpg,a village on the water with boats in the water
9-8.jpg,a grey and white rabbit laying on the ground
45-11.jpg,two young women on a stage with their hands in the air
77-3.jpg,the building in which the hotel is located
45-1.jpg,the best bags of day
94-0.jpg,the top of a large building with a blue sky in the background
46-14.jpg,a woman in a gold dress standing in front of a door
62-5.jpg,a plate of oreo cookies and a glass of milk
41-6.jpg,a bowl of chili in a bowl on a plate
63-11.jpg,a pile of fruit on display at a market
18-10.jpg,a close up of green beans in the grass
53-4.jpg,a bowl of soup and a glass of orange juice on a table
22-3.jpg,a pile of green beans on a table
46-12.jpg,a woman in a red dress with a red scarf
93-6.jpg,a man standing in front of a temple with a pagoda
73-0.jpg,a view of the city of durban in south africa
51-5.jpg,a woman sitting at a table with many pots and chairs
6-11.jpg,two cats sitting on top of a bird bath
68-11.jpg,a small bathroom with a toilet and a tub
71-5.jpg,a woman standing in front of a table full of food
77-7.jpg,a large building on the side of a street
49-6.jpg,a group of people playing violins in a orchestra
16-0.jpg,a cluster of white and yellow flowers
20-0.jpg,a bunch of cabbage wrapped in plastic on a table
85-0.jpg,a group of people sitting on the floor in a living room
24-0.jpg,a group of children playing soccer on a field
19-9.jpg,a pile of green spinach leaves
8-12.jpg,a boy walking a herd of goats down a road
83-3.jpg,a classroom with tables and chairs and a bulletin board
56-0.jpg,a bowl of soup with meatballs and noodles and a cracker on the side
9-1.jpg,a white rabbit sitting on the grass
53-7.jpg,a person eating food from bowls of soup and rice on a table
52-0.jpg,a collection of wooden bats on a metal frame
26-1.jpg,a girl is shooting a basketball on a court
40-11.jpg,a wok filled with noodles and broccoli and chopsticks
47-8.jpg,a woman in a blue dress in a forest
70-5.jpg,a kitchen with cooking pots and sausages on a fire
9-4.jpg,a black and white rabbit sitting in some green plants
75-8.jpg,a dog laying in front of a yellow house
85-1.jpg,an old toolbox filled with tools on a floor
74-9.jpg,a view of the hotel from the water at night
6-7.jpg,a cat with blue eyes standing on the ground
90-10.jpg,a group of clay vases sitting next to each other
34-6.jpg,a parade at the festival with people holding colorful balloons
72-5.jpg,a garden with flowers and plants and a bamboo wall
96-7.jpg,a group of buddhist monks praying to each other at a temple
15-0.jpg,a bunch of flowers on display at a market
12-10.jpg,a man riding on the back of a bull
3-9.jpg,two yellow birds sitting in a bird cage
91-11.jpg,a group of people sitting in a circle with a woman wearing a mask
19-5.jpg,a bunch of green spinach growing in a garden
75-1.jpg,a hut with a table and chairs in a field
10-8.jpg,a man standing on the back of an elephant in the water
63-1.jpg,a dirt path
78-1.jpg,a man driving a tractor in a foggy field
68-6.jpg,a bathroom with a shower toilet and sink
17-8.jpg,a bunch of yellow orchid flowers on a plant
71-9.jpg,a room with a wooden cabinet with glass doors
4-8.jpg,an image of an ostrich walking in the grass
35-5.jpg,a crowd of people sitting at a table with umbrellas on the beach
1-8.jpg,a small bird sitting on a wooden bench
62-10.jpg,a bowl of ice cream in a paper bowl on a table
69-6.jpg,a table and chairs in a room
68-8.jpg,a white bathroom with a sink toilet and bath tub
83-2.jpg,a classroom with students and a teacher in front of a whiteboard
52-4.jpg,a group of children holding wooden chairs in a crowd of people
49-10.jpg,a woman playing a violin in a black and white photo
75-11.jpg,a group of straw huts on a bridge over a lake
14-6.jpg,a close up of a bouquet of pink and red roses
54-11.jpg,a pan filled with meat being stirred with a spatula
73-9.jpg,a large white building with a bridge in front of it
5-4.jpg,a white bird perched on top of a tree branch
49-9.jpg,a young boy is playing a violin
21-10.jpg,a variety of vegetables including broccoli cauliflower and cabbage
75-9.jpg,a pool in the backyard of a house
56-3.jpg,a bowl of soup with noodles and meat and greens
57-4.jpg,a plate of food with an egg on a plate
15-7.jpg,a bunch of white flowers
10-3.jpg,a baby elephant is swimming in the water
53-8.jpg,a woman is putting food on a plate
84-9.jpg,a pile of colored pens and pencils
5-0.jpg,a white parrot perched on a branch
14-8.jpg,a red rose with drops of water on it
72-9.jpg,a man watering a tree in front of a building
95-5.jpg,a group of people in red costumes performing a dragon dance in front of a gate
45-7.jpg,a girl walking down the street in a white dress and white leggings
57-8.jpg,a man sitting at a table eating a plate of food
69-11.jpg,a living room filled with furniture and a rug
2-5.jpg,an eagle perched on top of a tree branch
28-6.jpg,a young boy playing a game of ping pong on a table
76-0.jpg,an old house with a fence in front of it
62-0.jpg,a baby girl laying on a bed drinking from a bottle
96-2.jpg,a statue of a buddha in a buddhist temple
11-1.jpg,a man is standing next to a cow
42-8.jpg,a group of people in blue t shirts posing for a picture in front of a
30-8.jpg,a woman serving a tennis ball on a tennis court
69-5.jpg,a group of people sitting around a table with food and drinks
51-10.jpg,a group of young boys sitting on elaborately carved benches
41-9.jpg,a tray of bowls of soup with spoons on a table
23-5.jpg,a pile of carrots on display at a market
92-7.jpg,a large white mosque with a reflecting pool
55-6.jpg,a selection of food on sticks at a market
67-0.jpg,a man standing under a grapevine with grapes growing on it
34-3.jpg,a dragon float in a parade
54-2.jpg,a group of people sitting at a table with food
91-6.jpg,a young woman wearing a colorful face mask
33-4.jpg,a crowd of people standing in front of a large building at night
71-7.jpg,a dining room with a table and chairs
14-0.jpg,a red rose in a garden with green leaves
34-11.jpg,a man in a lion costume in a parade
79-5.jpg,a man using a stick on the beach at sunset
46-9.jpg,a model walks down the runway at a fashion show
50-9.jpg,a girl playing the flute in a classroom  getty images
41-7.jpg,a bowl of food on a wooden table
57-6.jpg,two plates of food on a tray on a table
94-9.jpg,a street with palm trees and decorations on the side of a road
73-8.jpg,an apartment building with many balconies and a car parked in front of it
48-0.jpg,a group of acoustic guitars sitting on a table
58-4.jpg,a bowl of soup and a glass of orange juice
89-3.jpg,a group of people posing in front of a statue
71-3.jpg,a little boy sitting at a table
7-10.jpg,a mother goat and three baby goats in a field
32-3.jpg,a crowd of people sitting on the ground in the street
16-4.jpg,a group of yellow flowers on a tree
41-0.jpg,a bowl of corn flakes in a bowl on a table
10-2.jpg,an adult elephant and a baby elephant standing in the grass
21-7.jpg,a head of cabbage next to a pot on a stove
22-4.jpg,a box filled with green beans and other vegetables
59-4.jpg,two iced drinks sitting on a counter with two straws
79-10.jpg,a group of men are working in a garden
73-6.jpg,an aerial view of the city of mexico city
61-8.jpg,a man stirring a drink in a glass with a spoon
32-10.jpg,a crowd of people standing around a courtyard
48-3.jpg,a man playing a guitar in a park
44-0.jpg,a man standing at a desk with a laptop and a paper with a graph
49-11.jpg,a young boy playing a violin on a street
36-11.jpg,a wooden spoon with a handle on a table
36-8.jpg,a set of spoons with different shapes and designs on them
2-7.jpg,a bird perched on top of a tree branch
13-9.jpg,a cluster of white flowers growing on a tree
60-11.jpg,a cup of matcha latte next to a laptop computer
10-0.jpg,an elephant and a calf walking in the dirt
94-4.jpg,the cathedral of the immaculate conception at night
34-9.jpg,a group of people in red costumes dancing under a dragon
92-0.jpg,adherents praying in a mosque at the top of the stairs
33-7.jpg,a group of priests in orange robes standing around a table with a large religious display
48-11.jpg,a wall of different guitars in a store
86-5.jpg,a person sitting on a desk with books and a laptop
93-11.jpg,a large crowd of people walking around a festival
83-0.jpg,a black and white photo of a teacher standing in front of a classroom of children
66-11.jpg,an ice cream sundae with chocolate sauce and vanilla ice cream on a glass bowl
24-8.jpg,a group of people playing soccer on a field
21-3.jpg,a pile of white cauliflower in a market
23-8.jpg,a man in a straw hat planting carrots in a field
66-8.jpg,a pile of durian fruits sitting on the ground
9-3.jpg,two rabbits sitting in hay in a barn
91-9.jpg,an old black and white photo of a man talking to a woman
61-1.jpg,a glass jar filled with food and a spoon
17-9.jpg,a group of pink orchid flowers in a vase
4-10.jpg,an image of a cassowary with a blue head and red and blue feathers
4-2.jpg,an image of a peacock with colorful feathers
49-1.jpg,a woman playing a violin on the street
33-2.jpg,people praying to a buddha statue at a temple
8-10.jpg,two dogs standing next to each other on a dirt road
38-8.jpg,a piece of food on a plate on a table
62-3.jpg,a row of cans of calcium sodas on a shelf
25-5.jpg,a man holding a tennis racket on a tennis court
72-1.jpg,the front yard of a house with flowers and plants
34-4.jpg,a dragon float in a parade on a city street
59-10.jpg,a couple of glasses of orange juice on a table
91-4.jpg,a man wearing a mask and holding up his hand
87-10.jpg,a blueprint of a building with a pen and a ruler on it
83-6.jpg,an empty classroom with blue desks and chairs
23-7.jpg,a pile of carrots at a farmers market
12-3.jpg,a man standing next to a bull
18-11.jpg,a close up of a bunch of green leaves on a table
15-5.jpg,a close up of a white flower on the grass
35-8.jpg,a group of people standing in front of a temple at night
43-9.jpg,a man holding a camera in front of a train
12-7.jpg,a large crowd of people and cattle in a field
28-0.jpg,two tennis rackets and a ball on the grass
89-5.jpg,a statue of a soldier holding a gun in the sky
10-10.jpg,an elephant standing on top of some rocks
81-3.jpg,two bulls pulling a man in the dirt
32-0.jpg,a group of people praying in a bus
65-6.jpg,a pile of bunches of bananas on top of a cart
20-9.jpg,a close up of red onions in a pile
83-8.jpg,a group of desks and chairs in a classroom
3-7.jpg,two green parrots sitting on a branch in a cage
49-7.jpg,a woman playing a violin with her eyes closed
8-3.jpg,four golden retriever puppies sitting next to each other
14-1.jpg,a close up of a white flower on a tree
74-11.jpg,a city at night in front of a large hotel
27-5.jpg,a woman is throwing a basketball in a gym
93-3.jpg,a group of people walking down the stairs with offerings on their heads
2-0.jpg,a eagle flying in the sky over trees
15-2.jpg,a bunch of white flowers on a green plant
25-2.jpg,a group of men playing a game of tennis on a court
2-1.jpg,a bird in flight in front of trees
15-4.jpg,a close up of a white flower
78-7.jpg,a man is driving a tractor in a field
76-3.jpg,an old wooden house with a wooden pole
26-8.jpg,a group of men playing basketball on the beach
66-5.jpg,a man is peeling a durian on a table
32-8.jpg,a man standing in a crowd of people in front of a building
71-10.jpg,a group of men sitting at a table working
90-5.jpg,a man is walking with bags of oranges
1-9.jpg,a small bird perched on a bird feeder
37-3.jpg,a plate with a fork and vegetables in the shape of a flower
56-12.jpg,a food cart on the beach with blue stools
70-11.jpg,a cluttered kitchen counter with a toaster and other items on it
16-11.jpg,two white flowers on a tree with green leaves
12-8.jpg,a man on a cart being pulled by two bulls
17-5.jpg,a bunch of pink flowers on a plant
7-5.jpg,a brown and white goat standing on the side of a road
74-10.jpg,a view of a city street from a balcony
28-1.jpg,a woman holding a frisbee on a tennis court
24-5.jpg,a group of men playing soccer in the mud
86-10.jpg,a book shelf filled with books in a library
61-5.jpg,a cup of ice cream with a peach on top of it
84-2.jpg,a pencil is stuck in a power tool
65-11.jpg,a person cooking food in a pan on a stove
72-3.jpg,a garden with a waterfall and rocks
44-7.jpg,a row of denim jeans hanging on a rack
73-10.jpg,an apartment building with people looking out of the windows
4-3.jpg,a blue and black bird with a hat on its head
88-4.jpg,a woman is sitting under paintings on a wall
51-0.jpg,a group of people sitting around a buffet table in a room
25-8.jpg,a man is hitting a tennis ball with a racket
96-8.jpg,a statue of a reclining buddha in the lobby of a building
45-0.jpg,a woman in a red skirt holding a purse and a denim jacket
55-10.jpg,a man cooking food in a food cart at a market
8-11.jpg,a young girl holding a small dog on a bench
72-2.jpg,a yard with palm trees in front of a building
34-10.jpg,a woman giving a peace sign with a group of children
27-10.jpg,a group of women playing volleyball in a gym
72-10.jpg,a man standing in a garden taking a picture
60-6.jpg,a child pouring syrup into a cup on a table
79-8.jpg,a man drilling a hole in the ground in front of a building
86-1.jpg,a group of children sitting at desks in a classroom
27-0.jpg,people playing a game of volleyball on a court
68-4.jpg,an old wooden fence in a bamboo forest
50-5.jpg,a brown accordion
1-6.jpg,a small bird perched on top of a tree branch
12-1.jpg,two wildebeests drinking water from a pond
18-3.jpg,a field of green leaves with a pole in the middle of it
90-0.jpg,a bunch of vases are sitting in a room
38-9.jpg,a group of women in red costumes holding frisbees
83-11.jpg,a group of people sitting in a room working on laptops
81-5.jpg,a pipe sticking out of the water
87-0.jpg,a group of children sitting around a table writing on papers
19-2.jpg,a bunch of green spinach on a table
38-0.jpg,two plates with a floral design on a yellow wall
89-4.jpg,a statue of a man holding a bowl on top of his head
60-9.jpg,a man sitting on the ground next to a clay pot
37-1.jpg,a fork is sitting on a blue table
2-8.jpg,a bald eagle flying in the blue sky
81-8.jpg,a man is plowing a field with two cows
76-9.jpg,an aerial view of the roofs of houses in a poor neighborhood
23-9.jpg,a pile of carrots in a farmers market
40-2.jpg,a person pouring oil into a pan on a stove
78-6.jpg,a tractor working in a field on a clear day
33-8.jpg,a young boy holding a ball and talking to a man and a girl
62-4.jpg,a supermarket shelf filled with milk and other dairy products
67-9.jpg,a group of children standing in front of a large greenhouse
92-5.jpg,a group of children sitting around a table reading a book
89-2.jpg,a statue of a person on top of a pole
74-1.jpg,the view of the city from our hotel window
51-4.jpg,a table with a bunch of bells under a dragon centerpiece
4-4.jpg,a bird with a blue face and a black beak standing on a sidewalk
16-6.jpg,a cluster of white and yellow flowers on a plant
46-8.jpg,a model walks down the runway in a red dress
47-3.jpg,three women in colorful dresses sitting on a couch
14-5.jpg,a group of pink roses in a garden
62-11.jpg,a tray of mini cupcakes with cherries and white cream and chocolate
36-10.jpg,four wooden spoons filled with seeds and nuts on a table
75-6.jpg,a wooden gazebo in the middle of a forest
44-1.jpg,a man wearing a white shirt and tie tying his tie
61-4.jpg,a tray of food with bowls of soup on it
12-6.jpg,a cow and a calf standing on a dirt road
86-0.jpg,a group of girls sitting at desks reading books in a classroom
39-3.jpg,a group of pots and pans on a stove
61-11.jpg,a man is buying food from a street vendor
20-10.jpg,a pile of red cabbage at a farmers market
25-10.jpg,a group of men playing a game of tennis on a court
16-10.jpg,a cluster of yellow and white flowers with green leaves
2-3.jpg,a bird of prey with a blue sky in the background
44-2.jpg,a close up of a person wearing brown shoes
96-10.jpg,a statue of a buddha in front of a temple
51-6.jpg,a woman is sitting on the floor with several brass pots
47-11.jpg,a dress and a jacket on a mannequin
95-6.jpg,a busy street with red lanterns hanging over cars and buildings
33-10.jpg,a group of people praying with candles
27-9.jpg,a group of girls playing volleyball on a court
23-4.jpg,a pile of carrots on display at a farmers market
21-11.jpg,a head of cauliflower on a cutting board next to a knife
8-7.jpg,two small puppies being held in a persons hands
64-1.jpg,a bunch of ripening pineapples hanging from a tree
26-0.jpg,a basketball hoop with a ball on it
38-2.jpg,a set of plates and cups on a shelf
20-7.jpg,a head of cabbage with raindrops on it
47-6.jpg,two women in dresses standing in a forest
24-3.jpg,a group of young boys playing a game of soccer
48-9.jpg,a man playing a guitar in black and white
25-4.jpg,a player in action during a match in the championships
57-9.jpg,two plates of food on a wooden table
7-2.jpg,a goat with horns looking at the camera
36-5.jpg,a silver spoon sitting on top of a black table
4-0.jpg,an image of an ostrich standing in the grass
51-1.jpg,a group of people in a room with many metal items
81-11.jpg,a man driving a tractor in a muddy field
25-3.jpg,two badminton rackets and a shuttlecock on the grass
1-5.jpg,a small bird perched on a red table
56-5.jpg,a bowl of noodles with an egg and meat and greens
58-8.jpg,a fruit stand with an advertisement for fruit and vegetables
86-9.jpg,a group of students studying in a classroom
18-4.jpg,a field of green grass with trees in the background
47-9.jpg,a group of little girls walking down the street in a parade
95-0.jpg,the main gate of the temple
83-4.jpg,a group of men reading religious texts in a classroom
42-11.jpg,a young man wearing a hat and a green shirt with jeans and a denim bag
